,model,first_3,middle_3,last_3
MT_008," ARIMA(1,0,0)(0,0,0)[0]          ",0.022736195786679257,0.02309326154111137,0.040239608384280284
MT_104," ARIMA(1,0,1)(0,0,0)[0]          ",0.10506064608724637,0.08552025698866535,0.13473108908649614
MT_006," ARIMA(2,0,2)(0,0,0)[0]          ",0.032419993743065666,0.034172832566976695,0.027779315337830505
MT_219," ARIMA(0,0,0)(0,0,0)[0] intercept",0.03662474358291352,0.036027002741965054,0.07295954159826551
MT_370," ARIMA(0,0,1)(0,0,0)[0]          ",0.09020175575592289,0.11521068501906635,0.15904241894334714
MT_140," ARIMA(0,0,0)(0,0,0)[0]          ",0.4564075813782804,0.40053447874007353,0.46634842499972357
MT_263," ARIMA(2,0,0)(0,0,0)[0]          ",0.048578146118564945,0.06595354702436063,0.07881057822492844
MT_357," ARIMA(1,0,2)(0,0,0)[0]          ",0.04640517365598916,0.05235349466898574,0.08019781277973305
MT_205," ARIMA(1,0,3)(0,0,0)[0]          ",0.03627107506800707,0.05014292584357649,5.581384562111817e+18
MT_143," ARIMA(0,0,1)(0,0,0)[0]          ",0.0578894140081831,0.06298051889118542,1.0598971702930353e+18
MT_043," ARIMA(1,0,3)(0,0,0)[0]          ",0.026276882513028326,0.023517784603550765,0.03826503853853455
MT_307," ARIMA(3,0,0)(0,0,0)[0]          ",0.042181738669790456,0.03624483684057736,0.048509793197587386
MT_029," ARIMA(1,0,1)(0,0,0)[0]          ",0.07419522271864486,0.07344396544050814,0.15995767569284086
MT_167," ARIMA(0,0,0)(0,0,0)[0] intercept",0.03573608791922307,0.019370710208053088,0.06641748359288382
MT_146," ARIMA(1,0,0)(0,0,0)[0]          ",0.013198067861871329,0.027953704147634196,0.019552887237642813
MT_097," ARIMA(3,0,2)(0,0,0)[0]          ",0.07369253221631598,0.0981429216352286,0.18704495544327762
MT_280," ARIMA(1,0,3)(0,0,0)[0]          ",0.060164952862709356,0.05319192662674077,0.05624747261880019
MT_345," ARIMA(1,0,0)(0,0,0)[0]          ",0.05426182868447461,0.05759663391507192,0.07539858871990643
MT_090," ARIMA(0,0,2)(0,0,0)[0]          ",0.15410155103158293,0.23844480435043194,1.4164742633572491
MT_093," ARIMA(0,0,0)(0,0,0)[0]          ",2.0265909077433606,1.8361170207315127,4.082518163331048
MT_300," ARIMA(1,0,0)(0,0,0)[0]          ",0.02096088952250218,0.03167301192758633,0.060453618400811475
MT_270," ARIMA(3,0,0)(0,0,0)[0] intercept",0.04067561621889244,0.06106618291319785,0.06407505123416567
MT_114," ARIMA(2,0,1)(0,0,0)[0] intercept",0.10427144259260841,0.10283131489974558,0.10173081973198476
MT_366," ARIMA(5,0,5)(0,0,0)[0]          ",0.29769987552594707,0.27080784950822856,0.43482261325973803
MT_304," ARIMA(2,0,3)(0,0,0)[0]          ",0.030266554866894353,0.046628291377868836,0.10221627065464721
MT_303," ARIMA(1,0,3)(0,0,0)[0] intercept",0.03934464439903139,0.03791799366609906,0.04527041518803667
MT_137," ARIMA(1,0,0)(0,0,0)[0]          ",0.029358542495365403,0.03701952354345149,0.05687432200949674
MT_125," ARIMA(1,0,0)(0,0,0)[0]          ",0.035654552082751076,0.03291946219704053,0.12988855719212408
MT_236," ARIMA(1,0,2)(0,0,0)[0]          ",0.04648255523827339,0.04253577103602467,1.7850342281638986e+18
MT_240," ARIMA(1,0,1)(0,0,0)[0]          ",0.03871040366938817,0.12467857532495605,0.10552705876493801
MT_058," ARIMA(0,0,0)(0,0,0)[0] intercept",0.030692794674969427,0.03280622833889312,0.05076261798241878
MT_064," ARIMA(0,0,0)(0,0,0)[0] intercept",0.019006672100738822,0.022669520758614992,2.390272129130311e+19
MT_009," ARIMA(0,0,0)(0,0,0)[0] intercept",0.07346706880246559,0.05646436355522084,0.055844641645722455
MT_251," ARIMA(1,0,0)(0,0,0)[0]          ",0.03435903427048244,0.08194488960171693,0.12654110031672144
MT_216," ARIMA(1,0,3)(0,0,0)[0]          ",0.03672177996046885,0.026166017511506882,0.053401597381735395
MT_332," ARIMA(0,0,1)(0,0,0)[0]          ",0.17009219839798786,0.22198587786167642,0.32667700893626306
MT_095," ARIMA(0,0,1)(0,0,0)[0]          ",0.21757900638856267,0.27705677065088097,0.23177199292144215
MT_182," ARIMA(1,0,2)(0,0,0)[0]          ",0.04747365772747871,0.026109505165109344,0.048409192537712434
MT_069," ARIMA(1,0,1)(0,0,0)[0]          ",0.028095393681930352,0.03306928739325596,0.043259407213646864
MT_075," ARIMA(0,0,0)(0,0,0)[0] intercept",0.030165361961917755,0.025147573879893963,0.03351115883970698
MT_157," ARIMA(2,0,2)(0,0,0)[0]          ",0.02779746044843518,0.040557237327834304,0.07284431327375374
MT_365," ARIMA(1,0,1)(0,0,0)[0]          ",0.11652499877529787,0.21154233139086492,0.11149221863847583
MT_324," ARIMA(3,0,1)(0,0,0)[0]          ",0.030368182117728133,0.06865994458431622,0.05883451209410314
MT_144," ARIMA(0,0,1)(0,0,0)[0]          ",0.01503509338289743,0.01905054114728854,0.025058123892980327
MT_212," ARIMA(1,0,2)(0,0,0)[0]          ",0.0349787060118897,0.02927716348080893,0.044077557151432696
MT_247," ARIMA(1,0,2)(0,0,0)[0]          ",0.03883373122418342,0.04644661295191695,0.07191748873088605
MT_001," ARIMA(2,0,3)(0,0,0)[0]          ",0.5265028721586081,0.47453397155906774,0.626566108451534
MT_096," ARIMA(2,0,0)(0,0,0)[0]          ",0.062125788745511716,0.0718591665947354,0.13012980020831538
MT_191," ARIMA(1,0,1)(0,0,0)[0]          ",0.032917735434708786,0.04854409122187289,0.03925631957643896
MT_271," ARIMA(1,0,0)(0,0,0)[0]          ",0.03220723894361444,0.034961591824217465,0.036543653723919725
MT_349," ARIMA(0,0,0)(0,0,0)[0] intercept",0.06504277927639873,0.07092774467260732,0.07160467824564694
MT_220," ARIMA(3,0,0)(0,0,0)[0]          ",0.035559824771899694,0.04040529864025604,0.07398781579127843
MT_202," ARIMA(1,0,1)(0,0,0)[0]          ",0.04670061006694928,0.04743747846454663,0.07266614961764127
MT_297," ARIMA(2,0,0)(0,0,0)[0] intercept",0.04614816100704785,0.04538366519019506,0.07826760920144862
MT_198," ARIMA(1,0,0)(0,0,0)[0]          ",0.04768892847650207,0.08540676654390437,0.13312661049824046
MT_087," ARIMA(0,0,1)(0,0,0)[0]          ",0.03294226506491706,0.03477669858328813,0.06049490243399307
MT_128," ARIMA(1,0,0)(0,0,0)[0]          ",0.07398834614045156,0.11293793180571934,0.22401425343530773
MT_135," ARIMA(1,0,4)(0,0,0)[0]          ",0.032676224835692255,0.04498323482182276,0.049207336450985004
MT_156," ARIMA(0,0,0)(0,0,0)[0] intercept",0.08620454933495295,0.06873188199353247,0.13295597660340258
MT_060," ARIMA(0,0,0)(0,0,0)[0] intercept",0.029457655508273343,0.04135915376869057,0.04401299565903487
MT_070," ARIMA(2,0,2)(0,0,0)[0]          ",0.03119244438709584,0.03759148655616169,0.030909068268951245
MT_020," ARIMA(0,0,0)(0,0,0)[0] intercept",0.05179973306909994,0.0497365817496568,0.06714913050311111
MT_249," ARIMA(0,0,0)(0,0,0)[0] intercept",0.026148756412263094,0.02451312546560659,0.06418204795548335
MT_313," ARIMA(2,0,2)(0,0,0)[0] intercept",0.04280552711905257,0.06989227545594137,2.6201282235386895e+18
MT_294," ARIMA(1,0,2)(0,0,0)[0]          ",0.05636604114345149,0.034644827896458244,0.06514829358123067
MT_130," ARIMA(0,0,0)(0,0,0)[0] intercept",0.15364501733136465,0.1547507221986701,0.2025401173665031
MT_356," ARIMA(0,0,0)(0,0,0)[0]          ",0.2051285389101657,0.15176240610178293,0.16726293440567966
MT_046," ARIMA(0,0,1)(0,0,0)[0]          ",0.033761556757310594,0.039574546733976666,0.04418256480380108
MT_168," ARIMA(3,0,0)(0,0,0)[0]          ",0.04686375869986208,0.041968881200014026,0.0759361000008804
MT_042," ARIMA(0,0,0)(0,0,0)[0] intercept",0.027386910307734734,0.034080056602622116,0.03750693177102082
MT_265," ARIMA(2,0,1)(0,0,0)[0]          ",0.027376376679190066,0.0310422084623112,0.08186496910625037
MT_204," ARIMA(1,0,0)(0,0,0)[0]          ",0.055175183175812076,0.047808313543551785,0.06766511037236718
MT_261," ARIMA(1,0,0)(0,0,0)[0]          ",0.03540013965609689,0.08020818945896104,0.10423389116394174
MT_287," ARIMA(1,0,1)(0,0,0)[0]          ",0.039185897376544494,0.05576758220665077,0.07695692675014068
MT_355," ARIMA(1,0,2)(0,0,0)[0]          ",0.05868173845951009,0.04082264944574943,0.05403856450171894
MT_045," ARIMA(3,0,2)(0,0,0)[0]          ",0.16186702768355501,0.15950244437942246,0.17772974439655093
MT_291," ARIMA(1,0,0)(0,0,0)[0]          ",0.030202856558760063,0.07648989764974294,0.06923865179406788
MT_138," ARIMA(0,0,0)(0,0,0)[0]          ",0.032494239145308544,0.06829021359598525,0.1491946409282218
MT_059," ARIMA(0,0,0)(0,0,0)[0] intercept",0.036446308494032145,0.0328619354465365,0.06103472388828549
MT_024," ARIMA(0,0,0)(0,0,0)[0] intercept",0.027171683458197197,0.03038137673368221,0.05810210091686356
MT_299," ARIMA(2,0,4)(0,0,0)[0]          ",0.05281062054226587,0.07041294232691708,0.07392220466830904
MT_197," ARIMA(1,0,0)(0,0,0)[0]          ",0.0391429126663508,0.04621037449704327,0.04449939960416938
MT_129," ARIMA(1,0,2)(0,0,0)[0] intercept",0.19783175846657067,0.11854095691693947,0.039991470893248025
MT_248," ARIMA(1,0,2)(0,0,0)[0]          ",0.04295619982486124,0.04433057998888794,0.05967539503850325
MT_315," ARIMA(1,0,0)(0,0,0)[0]          ",0.02855918839064548,0.03094061500482861,0.057798224262783644
MT_238," ARIMA(3,0,0)(0,0,0)[0]          ",0.033238709157836555,0.0637228156308868,0.06396481351034003
MT_239," ARIMA(1,0,3)(0,0,0)[0]          ",0.03490516250950275,0.0835110681250917,0.07811924566551279
MT_101," ARIMA(2,0,0)(0,0,0)[0]          ",0.029831314253760274,0.02202477739716907,0.05633821523480035
MT_018," ARIMA(3,0,3)(0,0,0)[0]          ",0.04892852117083053,0.045923557277215386,0.05355541020698917
MT_201," ARIMA(2,0,2)(0,0,0)[0] intercept",0.06428792985904305,0.05823280476430251,0.08906602424209922
MT_081," ARIMA(2,0,2)(0,0,0)[0]          ",0.03009368382261905,0.036984380350078276,0.03859172699491042
MT_327," ARIMA(1,0,1)(0,0,0)[0]          ",0.04798956579338385,0.027761964557797926,0.12068906091240127
MT_360," ARIMA(2,0,1)(0,0,0)[0]          ",0.04541355030128325,0.04308147872477443,0.08707805922590853
MT_077," ARIMA(0,0,0)(0,0,0)[0] intercept",0.0635235552324029,0.0760984935855177,0.09095596678684313
MT_054," ARIMA(0,0,3)(0,0,0)[0]          ",0.016909510780356667,0.019261878334188985,0.027987032845855724
MT_083," ARIMA(0,0,1)(0,0,0)[0]          ",0.015390209487607776,0.020967949878080462,0.034570597124040287
MT_031," ARIMA(0,0,0)(0,0,0)[0] intercept",0.025874155721051607,0.030171474960254536,0.045864998138153416
MT_082," ARIMA(0,0,0)(0,0,0)[0] intercept",0.022262144802569713,0.018587908957441356,0.025157440988787732
MT_002," ARIMA(1,0,0)(0,0,0)[0]          ",0.03022288373982024,0.023198142618851263,0.02595469218921142
MT_011," ARIMA(0,0,1)(0,0,0)[0]          ",0.030311601185279227,0.03091959427351132,0.033237970802449876
MT_022," ARIMA(2,0,1)(0,0,0)[0]          ",0.05460387640200023,0.06579578321812357,0.10045168515100521
MT_314," ARIMA(2,0,0)(0,0,0)[0]          ",0.03893111923180908,0.05253271819194616,0.03908141204471948
MT_088," ARIMA(2,0,0)(0,0,0)[0]          ",0.07472908523664619,0.11998427410240596,0.1372565767737328
MT_171," ARIMA(0,0,0)(0,0,0)[0] intercept",0.019409877429247817,0.023519027163284575,0.04777201085478881
MT_277," ARIMA(1,0,0)(0,0,0)[0]          ",0.050277749110295145,0.0412234047003018,0.050513406700422224
MT_293," ARIMA(1,0,0)(0,0,0)[0]          ",0.02907142812053946,0.03737209659135544,0.0851092367304827
MT_295," ARIMA(1,0,0)(0,0,0)[0]          ",0.05804247070532982,0.04634535722354471,0.09433186306092539
MT_359," ARIMA(3,0,0)(0,0,0)[0]          ",0.048520205026908084,0.22962413487267508,0.15715134539773717
MT_036," ARIMA(1,0,3)(0,0,0)[0]          ",0.15669336505850787,0.16513302131227928,0.5199366876467257
MT_333," ARIMA(1,0,2)(0,0,0)[0]          ",0.043034073182578694,0.0708221956040973,1.2558236751452961e+18
MT_234," ARIMA(1,0,0)(0,0,0)[0]          ",0.041963630031212826,0.03295531423513715,0.06071096770695371
MT_226," ARIMA(2,0,0)(0,0,0)[0]          ",0.05522477549649032,0.08547037171848776,0.09843713171579536
MT_055," ARIMA(0,0,0)(0,0,0)[0]          ",0.033213705083408214,0.03302301503179382,0.057873250104160265
MT_350," ARIMA(1,0,1)(0,0,0)[0]          ",0.12253880185168539,0.07616580586346225,0.21602196720689076
MT_139," ARIMA(0,0,0)(0,0,0)[0] intercept",0.0602927337547972,0.08178326816845148,0.0811927477648257
MT_348," ARIMA(0,0,1)(0,0,0)[0]          ",0.4726156096140302,0.5308894303986036,0.6817499736036434
MT_206," ARIMA(1,0,1)(0,0,0)[0]          ",0.05179815055606283,0.046015023980496984,0.06877299262696668
MT_259," ARIMA(1,0,0)(0,0,0)[0]          ",0.03584944012935873,0.04657786409282236,0.05306662266108116
MT_253," ARIMA(1,0,1)(0,0,0)[0]          ",0.036039267844213616,0.02974721002433979,0.09663216026795386
MT_007," ARIMA(1,0,2)(0,0,0)[0]          ",0.35813819109916284,0.49310479609703056,0.6809785894607655
MT_066," ARIMA(0,0,0)(0,0,0)[0]          ",0.04316498823233698,0.05499359831591241,0.0440235059133957
MT_136," ARIMA(0,0,0)(0,0,0)[0] intercept",0.08231361922172055,0.07345296205637626,2.1821113736134333e+18
MT_288," ARIMA(3,0,1)(0,0,0)[0]          ",0.16760941833442994,0.2548789118017799,2.4185391443080507e+19
MT_233," ARIMA(1,0,1)(0,0,0)[0]          ",0.047015627614127385,0.03628265734500692,0.06207627003835401
MT_187," ARIMA(1,0,2)(0,0,0)[0]          ",0.05397358708716316,0.12178122914637576,0.068637168750946
MT_346," ARIMA(0,0,0)(0,0,0)[0] intercept",0.08037145209887622,0.0906335035929855,3.590022382652978e+18
MT_330," ARIMA(1,0,3)(0,0,0)[0]          ",0.04309593180995427,0.030375863582946826,0.05552820252029159
MT_134," ARIMA(4,0,5)(0,0,0)[0]          ",0.12690251310512649,0.1001998925985844,0.3920172265952673
MT_323," ARIMA(1,0,1)(0,0,0)[0]          ",0.049846722054598495,0.037998016297175426,0.10541317754854096
MT_211," ARIMA(1,0,1)(0,0,0)[0]          ",0.07550509317773328,0.04858133862188572,0.07931658566811607
MT_174," ARIMA(3,0,1)(0,0,0)[0]          ",0.04393231920901604,0.050482868702793865,2.1629468297687404e+18
MT_142," ARIMA(0,0,1)(0,0,0)[0]          ",0.09843971858162652,0.05103729005122135,0.0719815353862912
MT_339," ARIMA(1,0,0)(0,0,0)[0]          ",0.0671984531033522,0.04979553043397734,0.07418650158725287
MT_127," ARIMA(1,0,2)(0,0,0)[0]          ",1.604789497532389,1.3803599995462479,87.09114529920637
MT_148," ARIMA(0,0,0)(0,0,0)[0] intercept",0.012564042674369287,0.01800777621442584,0.02129769630717597
MT_245," ARIMA(2,0,1)(0,0,0)[0]          ",0.029420475595564786,0.03779685186918145,0.04101711488524269
MT_353," ARIMA(1,0,2)(0,0,0)[0]          ",0.04168476002230746,0.022057671759435526,0.06164664051961481
MT_180," ARIMA(2,0,2)(0,0,0)[0]          ",0.07126679296460456,0.0897007637827206,0.13229829668735074
MT_014," ARIMA(0,0,1)(0,0,0)[0]          ",0.02874622618102034,0.05018838425166021,0.08302002797080742
MT_162," ARIMA(0,0,1)(0,0,0)[0]          ",0.07053388652362357,0.08331649975449375,0.19754459553172019
MT_065," ARIMA(0,0,0)(0,0,0)[0] intercept",0.027500188049775675,0.0380527940762704,0.036025212395124864
MT_231," ARIMA(1,0,1)(0,0,0)[0]          ",0.03845292353281977,0.03374890739785977,0.12047186448283174
MT_040," ARIMA(1,0,0)(0,0,0)[0]          ",0.06567517734019399,0.06518194064909315,0.07404468411507173
MT_301," ARIMA(1,0,0)(0,0,0)[0]          ",0.029073589889723115,0.025423528534162628,0.04529019508699113
MT_056," ARIMA(0,0,0)(0,0,0)[0] intercept",0.020044779146008055,0.0235967858450941,0.025279075646991063
MT_336," ARIMA(1,0,0)(0,0,0)[0]          ",0.08500234911674923,0.0625533516670209,1.98783212588103e+18
MT_177," ARIMA(0,0,1)(0,0,0)[0]          ",0.03156431899416428,0.050838575264106775,0.05860629048820903
MT_016," ARIMA(0,0,2)(0,0,0)[0]          ",0.02948897786515289,0.03872437698933485,0.07721121901696251
MT_005," ARIMA(0,0,0)(0,0,0)[0]          ",0.054109890400836615,0.045891773029241405,0.036375894025019284
MT_218," ARIMA(1,0,1)(0,0,0)[0]          ",0.04373334486081237,0.02822330564611343,0.06051194013357381
MT_230," ARIMA(0,0,0)(0,0,0)[0] intercept",0.034458260740536845,0.028635456132518663,0.06924680446429697
MT_019," ARIMA(0,0,1)(0,0,0)[0]          ",0.036048769290449915,0.044228577499495256,0.048028921497320194
MT_023," ARIMA(2,0,2)(0,0,0)[0]          ",0.052617798847026526,0.043144978089314806,1.7413164930137248e+17
MT_159," ARIMA(0,0,1)(0,0,0)[0]          ",0.20767284639469763,0.2585030504932907,0.33797503886267105
MT_320," ARIMA(1,0,0)(0,0,0)[0]          ",0.031722712377306096,0.027266161611772536,0.05921670444162542
MT_343," ARIMA(1,0,0)(0,0,0)[0]          ",0.07246172227297036,0.05154855561389594,0.09292780530135746
MT_213," ARIMA(1,0,0)(0,0,0)[0]          ",0.03547029601840704,0.03532980463188064,0.05863593515393948
MT_021," ARIMA(0,0,3)(0,0,0)[0]          ",0.020809310945274374,0.025593108326530816,0.0456225807417548
MT_258," ARIMA(3,0,0)(0,0,0)[0]          ",0.02368403275881377,0.06567528134444854,0.07605524835654359
MT_190," ARIMA(1,0,3)(0,0,0)[0] intercept",0.0657565061716395,0.06909051598648337,0.06611625779018485
MT_100," ARIMA(0,0,0)(0,0,0)[0]          ",0.07652030072535174,0.0793499494748692,0.14013762334599392
MT_032," ARIMA(0,0,0)(0,0,0)[0] intercept",0.04562156790174656,0.04572341741009864,0.0549004953210187
MT_354," ARIMA(1,0,1)(0,0,0)[0]          ",0.18406646259381035,0.06765286279987216,0.07892447111376812
MT_189," ARIMA(1,0,3)(0,0,0)[0]          ",0.05416162624020428,0.06515099389704049,0.06666272592692157
MT_306," ARIMA(1,0,0)(0,0,0)[0]          ",0.027454695438871114,0.07303940828529025,0.09775558562971658
MT_089," ARIMA(0,0,0)(0,0,0)[0] intercept",0.04752894790555042,0.03897360603187264,0.05679689446788612
MT_338," ARIMA(1,0,4)(0,0,0)[0]          ",0.09092962146299904,0.07614340977204187,3.272382846245983e+18
MT_017," ARIMA(0,0,1)(0,0,0)[0]          ",0.020537458260706305,0.021217798325574872,0.03122522847891145
MT_145," ARIMA(0,0,1)(0,0,0)[0]          ",0.011807650888461647,0.0198674673983898,0.016592390706854827
MT_222," ARIMA(1,0,0)(0,0,0)[0] intercept",0.040339980953475345,0.061149713248101215,0.06272063980900654
MT_175," ARIMA(3,0,0)(0,0,0)[0]          ",0.0479420113556486,0.05124558976107945,2.3002960717527598e+18
MT_151," ARIMA(3,0,1)(0,0,0)[0]          ",0.09182352914288268,0.06660524087099506,1.4259351987660004e+18
MT_199," ARIMA(1,0,4)(0,0,0)[0]          ",0.1165434120865487,0.2152469586805564,0.06638983541318995
MT_328," ARIMA(1,0,0)(0,0,0)[0]          ",0.050153810739418006,0.04775612160565779,0.04928609329176332
MT_309," ARIMA(0,0,0)(0,0,0)[0] intercept",0.030451564376774543,0.026363453573665898,0.04949848131690157
MT_103," ARIMA(1,0,0)(0,0,0)[0]          ",0.05484583933234545,0.059004687839388545,0.09332461017185735
MT_147," ARIMA(0,0,3)(0,0,0)[0]          ",0.014871092312181663,0.02275732458282013,0.015536775779260102
MT_105," ARIMA(1,0,4)(0,0,0)[0]          ",0.09322924724107569,0.12443598509308612,0.18664671972499464
MT_246," ARIMA(1,0,1)(0,0,0)[0]          ",0.045248318060602546,0.06772024277414133,6.987407310104402e+18
MT_010," ARIMA(5,0,4)(0,0,0)[0]          ",0.13514125208711983,0.13000338691659405,0.11167881702450634
MT_161," ARIMA(0,0,3)(0,0,0)[0]          ",0.036041885260199094,0.029724198953831018,0.03789122882038118
MT_208," ARIMA(2,0,2)(0,0,0)[0] intercept",0.032078882365183595,0.03760285013754994,0.05359000052437599
MT_364," ARIMA(0,0,0)(0,0,0)[0] intercept",0.04150193067557054,0.06342832566540353,0.13679084674326714
MT_254," ARIMA(1,0,3)(0,0,0)[0]          ",0.03868590002602083,0.047643143368122746,0.05370898268169477
MT_061," ARIMA(1,0,1)(0,0,0)[0]          ",0.029228558125757833,0.045414111296665303,0.05177222792749607
MT_034," ARIMA(0,0,1)(0,0,0)[0]          ",0.027275309821228822,0.06305364751559207,0.059701976295575124
MT_250," ARIMA(2,0,3)(0,0,0)[0]          ",0.038397648953859526,0.1114552180231517,0.05118263382443596
MT_368," ARIMA(0,0,0)(0,0,0)[0] intercept",0.04220944764789951,0.03367870283716621,0.12470401867817699
MT_057," ARIMA(1,0,3)(0,0,0)[0]          ",0.045829639168282074,0.047088179034195786,4.157227564396146e+17
MT_237," ARIMA(1,0,0)(0,0,0)[0]          ",0.026015085350581876,0.061484872700012023,0.07701468354834394
MT_084," ARIMA(0,0,3)(0,0,0)[0]          ",0.05888126041542726,0.04941499913411597,0.07127635208127477
MT_358," ARIMA(0,0,1)(0,0,0)[0]          ",0.08551903750679311,0.07621981697114372,0.11601252547242882
MT_273," ARIMA(2,0,0)(0,0,0)[0]          ",0.03787839698536308,0.041344160845880426,0.06100783967166593
MT_172," ARIMA(0,0,0)(0,0,0)[0] intercept",0.028478876178384557,0.02857933492835294,0.06062101709384866
MT_063," ARIMA(3,0,2)(0,0,0)[0]          ",0.025476550682550284,0.02846629164305897,0.050503849799888235
MT_195," ARIMA(3,0,2)(0,0,0)[0] intercept",0.05094782712835032,0.06354240576317796,0.07844374661993851
MT_184," ARIMA(0,0,0)(0,0,0)[0] intercept",0.02076610616460278,0.02208762173409816,0.06238756211891829
MT_225," ARIMA(1,0,1)(0,0,0)[0]          ",0.04393106340353866,0.04392879108333427,0.04121585814050879
MT_013," ARIMA(0,0,0)(0,0,0)[0] intercept",0.06527182998627666,0.09119679069744407,0.26695977064526005
MT_363," ARIMA(1,0,0)(0,0,0)[0]          ",0.05046454870391891,0.04414299184127852,0.08954499189996244
MT_048," ARIMA(0,0,0)(0,0,0)[0]          ",0.06716074640360867,0.04220812342109948,0.06117296175980089
MT_051," ARIMA(0,0,1)(0,0,0)[0]          ",0.03560597303522043,0.03453629919147625,0.04482751430664992
MT_326," ARIMA(1,0,1)(0,0,0)[0]          ",0.04388565751961023,0.04788485296966373,0.052188053144022445
MT_028," ARIMA(0,0,0)(0,0,0)[0] intercept",0.03487782990860291,0.03952299028566495,0.05276477809675092
MT_367," ARIMA(1,0,1)(0,0,0)[0]          ",0.02707486424904373,0.046910736191753254,0.07320725257390016
MT_152," ARIMA(0,1,1)(0,0,0)[0]          ",0.07051758359354553,0.12842647235773605,0.089683423258957
MT_335," ARIMA(2,0,3)(0,0,0)[0]          ",0.1138898086445482,0.06106045655839463,7.566394521879046e+17
MT_196," ARIMA(5,0,0)(0,0,0)[0]          ",0.050996007653983474,0.041822474299595964,0.05003315804027471
MT_209," ARIMA(1,0,2)(0,0,0)[0]          ",0.09000102394005942,0.09623831188105757,0.10840803199628143
MT_267," ARIMA(1,0,3)(0,0,0)[0]          ",0.0548768204640302,0.09031568716025049,7.522512483780531e+17
MT_274," ARIMA(1,0,0)(0,0,0)[0]          ",0.03720326726477144,0.032287461050048066,0.05096621107728104
MT_099," ARIMA(1,0,1)(0,0,0)[0]          ",0.08624858442571773,0.057146089554019217,0.06204429541685725
MT_210," ARIMA(3,0,0)(0,0,0)[0] intercept",0.031717690551333014,0.08368419773382144,0.06766999614005004
MT_214," ARIMA(1,0,0)(0,0,0)[0]          ",0.03815475133482492,0.03997550406315577,0.060485843228059784
MT_369," ARIMA(1,0,1)(0,0,0)[0]          ",0.031974817903162894,0.02548918188990094,0.026523600799246486
MT_221," ARIMA(1,0,1)(0,0,0)[0]          ",0.031218394673928992,0.05678943358165109,0.0686376482154178
MT_123," ARIMA(0,0,1)(0,0,0)[0]          ",0.08617495154496858,8.37352233604188e+17,1.0839106071567676e+18
MT_052," ARIMA(0,0,0)(0,0,0)[0] intercept",0.02595942276804767,0.028264202849134026,0.03964455761462967
MT_200," ARIMA(1,0,2)(0,0,0)[0]          ",0.08149121570704163,0.1356733800544535,0.1395254354292019
MT_118," ARIMA(1,0,0)(0,0,0)[0]          ",0.03923663516120366,0.04147314050631867,0.043048088266402454
MT_310," ARIMA(0,0,0)(0,0,0)[0] intercept",0.02299583483313258,0.029006617763099672,0.04741412553604714
MT_331," ARIMA(1,0,0)(0,0,0)[0]          ",0.08198664812416002,0.1632037609209627,0.0727416641158999
MT_262," ARIMA(0,0,0)(0,0,0)[0] intercept",0.03152642968810894,0.02356219878799606,0.03607622630964546
MT_252," ARIMA(3,0,3)(0,0,0)[0]          ",0.3778875859478363,0.20743153402242492,0.0729679981095889
MT_296," ARIMA(0,0,0)(0,0,0)[0] intercept",0.02284319434115721,0.027324175753012152,0.04811163656342276
MT_325," ARIMA(1,0,2)(0,0,0)[0]          ",0.025341665818005395,0.06102346242411152,0.06566359664973886
MT_232," ARIMA(1,0,1)(0,0,0)[0]          ",0.03377758302029729,0.08883428058906145,0.09630976015569612
MT_311," ARIMA(1,0,2)(0,0,0)[0] intercept",0.05699443394069027,0.02940983980730223,0.0593100253855939
MT_080," ARIMA(1,0,1)(0,0,0)[0]          ",0.039536349337868155,0.058326362152657095,0.0452410505581109
MT_053," ARIMA(0,0,1)(0,0,0)[0]          ",0.0320148858863973,0.033241184667277594,0.04673549482180462
MT_244," ARIMA(2,0,0)(0,0,0)[0]          ",0.02803530214789914,0.026868641863646854,0.044981307539357314
MT_308," ARIMA(2,0,2)(0,0,0)[0] intercept",0.08644848498712346,0.1212865596546641,0.11177843490689475
MT_361," ARIMA(2,0,2)(0,0,0)[0]          ",0.061376784133017406,0.048397577544198295,0.05539375186799803
MT_098," ARIMA(0,0,1)(0,0,0)[0]          ",0.03488824091327471,0.0493359804867808,0.050534036363720385
MT_278," ARIMA(0,0,0)(0,0,0)[0] intercept",0.024884410756083008,0.027090053645530663,0.07320472602082126
MT_312," ARIMA(1,0,2)(0,0,0)[0]          ",0.04397531901493254,0.036269830268797786,0.08562557030256576
MT_004," ARIMA(3,0,3)(0,0,0)[0]          ",0.03259955728429176,0.027033718676855608,0.02798484884575769
MT_150," ARIMA(0,0,0)(0,0,0)[0]          ",0.026253667262703954,0.04575037732772596,0.025868626308709997
MT_149," ARIMA(2,0,2)(0,0,0)[0] intercept",0.026181279474302658,0.03785607201963575,0.050151236782078674
MT_352," ARIMA(0,0,0)(0,0,0)[0]          ",0.21319686425426976,0.11217734266082219,0.15529042066902213
MT_079," ARIMA(2,0,3)(0,0,0)[0]          ",0.05962050552047276,0.05290228015908241,0.05915165376808839
MT_255," ARIMA(1,0,0)(0,0,0)[0]          ",0.028568075786567507,0.03076010912133627,0.09446675434342547
MT_351," ARIMA(0,0,0)(0,0,0)[0] intercept",0.06007439254458667,0.0464922838429163,0.08013950573839482
MT_037," ARIMA(0,0,2)(0,0,0)[0]          ",0.03500067180698985,0.04456101064192852,0.045182278351880614
MT_086," ARIMA(2,0,0)(0,0,0)[0]          ",0.030189032738111705,0.03179573789279167,0.041590019260101876
MT_285," ARIMA(1,0,0)(0,0,0)[0]          ",0.03255806252656569,0.04820155608956899,0.05958265297058729
MT_126," ARIMA(1,0,1)(0,0,0)[0]          ",0.045343798285446546,0.0781873198904117,0.12474527562522073
MT_038," ARIMA(1,0,1)(0,0,0)[0] intercept",0.021521489930289302,0.03340162996061887,0.040259948299439546
MT_318," ARIMA(1,0,0)(0,0,0)[0]          ",0.043881594070420485,0.03526865702094533,0.04445259989865501
MT_283," ARIMA(1,0,0)(0,0,0)[0]          ",0.030318841634915453,0.0361256330119251,0.045511357040839896
MT_302," ARIMA(1,0,4)(0,0,0)[0] intercept",0.03492360479875223,0.04168223237574142,0.08154465537207828
MT_316," ARIMA(3,0,3)(0,0,0)[0] intercept",0.02616655307756555,0.04599568235041682,0.04072326248396832
MT_154," ARIMA(1,0,0)(0,0,0)[0]          ",0.024201271013846035,0.0706718896840013,0.04279909142683316
MT_260," ARIMA(1,0,2)(0,0,0)[0] intercept",0.06808862173738091,0.0561352306930125,0.08110738476859178
MT_026," ARIMA(0,0,1)(0,0,0)[0]          ",0.025655818054360496,0.033740625445985745,0.049550849495819886
MT_329," ARIMA(1,0,1)(0,0,0)[0]          ",0.040129966207505544,0.06729037312468268,0.07565102961368671
MT_279," ARIMA(1,0,2)(0,0,0)[0]          ",0.041274928945697065,0.10633232058745828,1.3702118575049227e+20
MT_183," ARIMA(0,0,1)(0,0,0)[0]          ",0.03643491760034731,0.06023429375771567,0.06915165277957752
MT_194," ARIMA(1,0,1)(0,0,0)[0]          ",0.062389753490298475,0.15498302326768265,0.08679319554768147
MT_073," ARIMA(2,0,3)(0,0,0)[0]          ",0.0722602704008076,0.11428685762188653,0.1687642645212349
MT_276," ARIMA(1,0,1)(0,0,0)[0]          ",0.040691200936670176,0.030147656352414762,0.04507258652931683
MT_102," ARIMA(1,0,2)(0,0,0)[0]          ",0.06596977052589953,0.07197396904903047,0.05997573151089105
MT_124," ARIMA(1,0,1)(0,0,0)[0]          ",0.042000972356282446,0.040025548021410784,0.13137416756559228
MT_256," ARIMA(1,0,2)(0,0,0)[0]          ",0.03862515183832853,0.06717312630370277,0.057314295222643856
MT_141," ARIMA(0,0,5)(0,0,0)[0]          ",0.015591119645129513,0.013232624863142518,0.010709016552995443
MT_193," ARIMA(1,0,1)(0,0,0)[0]          ",0.06327967189216936,0.08081956544449903,0.08956808955413066
MT_340," ARIMA(1,0,2)(0,0,0)[0]          ",0.09584050667051992,0.11123552507128308,0.1431648632888721
MT_334," ARIMA(5,0,0)(0,0,0)[0]          ",0.10767308349484082,0.0736100382322425,7.339418257768113e+17
MT_153," ARIMA(0,0,1)(0,0,0)[0]          ",0.02908677008237496,0.02121847530492541,0.04003486206785111
MT_344," ARIMA(0,0,1)(0,0,0)[0]          ",0.06545152541287874,0.09918956132836271,0.13738622126694283
MT_119," ARIMA(0,0,0)(0,0,0)[0] intercept",0.0832325241283253,0.10396510892856199,0.08006972616786832
MT_203," ARIMA(2,0,1)(0,0,0)[0]          ",0.04217778570195068,0.036747965707085314,1.075574703565851
MT_025," ARIMA(1,0,0)(0,0,0)[0]          ",0.04695426006799427,0.04804100662613396,0.04244819706499895
MT_027," ARIMA(2,0,2)(0,0,0)[0]          ",0.031250983248483216,0.043305019809835726,0.03830305534753342
MT_241," ARIMA(3,0,3)(0,0,0)[0]          ",0.05311382566503361,0.038015775734615995,0.07703299489952967
MT_317," ARIMA(2,0,0)(0,0,0)[0] intercept",0.047352084969509045,0.1712847623503964,0.1106777965628325
MT_094," ARIMA(1,0,1)(0,0,0)[0]          ",0.2981534662888586,0.26425149591082053,0.40562536796160426
MT_071," ARIMA(0,0,1)(0,0,0)[0]          ",0.022877600144269133,0.03120899392215688,0.030272548928840775
MT_068," ARIMA(0,0,0)(0,0,0)[0] intercept",0.025511562795461462,0.024196365624146312,0.03201209469347898
MT_362," ARIMA(1,0,0)(0,0,0)[0]          ",0.05758242216964448,0.07367872757184356,0.06387524309256123
MT_268," ARIMA(3,0,0)(0,0,0)[0]          ",0.05134819796419703,0.08013051688086538,0.10335709597779287
MT_217," ARIMA(1,0,0)(0,0,0)[0]          ",0.04036199909004113,0.045294628557529325,0.07248052681288844
MT_341," ARIMA(1,0,3)(0,0,0)[0] intercept",0.04425222114950214,0.08068665497789744,0.07582843623622056
MT_228," ARIMA(1,0,3)(0,0,0)[0] intercept",0.05102195613384111,0.07108986467776043,0.0812976432873726
MT_281," ARIMA(1,0,2)(0,0,0)[0]          ",0.032515390654940274,0.03548714874588231,0.06762528153132401
MT_290," ARIMA(1,0,0)(0,0,0)[0]          ",0.07999524998570966,0.0438268589886157,0.11179375058952168
MT_176," ARIMA(1,0,0)(0,0,0)[0] intercept",0.04363401165644542,0.0496881172322927,0.0578020734706105
MT_074," ARIMA(0,0,0)(0,0,0)[0] intercept",0.026080685331419946,0.02912592636928082,0.039748323190815976
MT_132," ARIMA(2,0,2)(0,0,0)[0]          ",0.15970630914558245,0.11212173425092682,0.20502381044273868
MT_321," ARIMA(1,0,0)(0,0,0)[0]          ",0.04175439118388149,0.03523365341668779,0.04998799857202281
MT_047," ARIMA(0,0,3)(0,0,0)[0]          ",0.07083555630688747,0.04166609677422972,0.044123245473910375
MT_284," ARIMA(1,0,2)(0,0,0)[0]          ",0.04966590374111456,0.032098055835839176,0.03173906689998697
MT_033," ARIMA(0,0,0)(0,0,0)[0] intercept",0.030906633559502794,0.029968275216020246,0.053089610521268156
MT_235," ARIMA(1,0,0)(0,0,0)[0]          ",0.040817804433612374,0.045539254681282344,0.08936490267892218
MT_131," ARIMA(0,0,0)(0,0,0)[0] intercept",0.29234721227432486,0.3794347918280089,0.18351908980005469
MT_163," ARIMA(1,0,1)(0,0,0)[0]          ",0.03418525334905667,0.0292118136480743,0.05285498041894052
MT_050," ARIMA(0,0,0)(0,0,0)[0] intercept",0.019341591653318342,0.02713761372503281,0.051076999748797425
MT_173," ARIMA(1,0,0)(0,0,0)[0]          ",0.08604451094966868,0.19007071636847742,0.1088561183889538
MT_035," ARIMA(0,0,0)(0,0,0)[0] intercept",0.02953194011339474,0.02840542011926111,0.04386437516561229
MT_091," ARIMA(0,0,0)(0,0,0)[0] intercept",0.04692913756659875,0.03795225751427152,0.050271328840103414
MT_207," ARIMA(1,0,1)(0,0,0)[0]          ",0.07722623304525719,0.08594532466767954,0.0643948190032797
MT_292," ARIMA(3,0,0)(0,0,0)[0]          ",0.037575829698497445,0.041031205221380734,0.07853914408372994
MT_229," ARIMA(1,0,1)(0,0,0)[0]          ",0.03650864785751335,0.05146642191426845,1.083042792701927e+19
MT_272," ARIMA(2,0,0)(0,0,0)[0]          ",0.04990891425579853,0.021205649911089485,0.04524840041991329
MT_076," ARIMA(0,0,0)(0,0,0)[0]          ",0.031884624152314016,0.03565245420995418,0.030872029991890034
MT_215," ARIMA(1,0,2)(0,0,0)[0]          ",0.04232847643847756,0.02237479616390487,0.022026146531208067
MT_266," ARIMA(1,0,2)(0,0,0)[0]          ",0.04549974858968054,0.03819832605462983,0.09005241642171233
MT_062," ARIMA(0,0,4)(0,0,0)[0]          ",0.032486516539298335,0.03453084073832364,0.03282446146654821
MT_342," ARIMA(0,0,1)(0,0,0)[0]          ",0.04280115211618631,0.055644106708187493,0.07441977146025183
MT_257," ARIMA(1,0,0)(0,0,0)[0] intercept",0.04576606508405528,0.18968274120494386,0.12187392312141436
MT_319," ARIMA(3,0,0)(0,0,0)[0]          ",0.043964700695471606,0.04184092415788347,0.047347605980272066
MT_155," ARIMA(0,0,0)(0,0,0)[0] intercept",0.1642924891098208,0.3087613530531828,0.4064352603700676
MT_158," ARIMA(0,0,0)(0,0,0)[0] intercept",0.10201584909044195,0.11313251909792531,0.0984999588861394
MT_044," ARIMA(2,0,2)(0,0,0)[0]          ",0.03027168908498519,0.03186216180980919,0.056807581113343344
MT_275," ARIMA(2,0,0)(0,0,0)[0]          ",0.02951926561815071,0.04157167414398548,0.05364424874263506
MT_243," ARIMA(1,0,0)(0,0,0)[0]          ",0.04753235564003779,0.033215435001947485,0.05765649484716558
MT_164," ARIMA(0,0,1)(0,0,0)[0]          ",0.09072853506313609,0.12261093138020333,0.15550392415216818
MT_269," ARIMA(2,0,1)(0,0,0)[0]          ",0.05179832915796218,0.10695525715276848,0.07695121344907233
MT_227," ARIMA(1,0,2)(0,0,0)[0]          ",0.06472452026304869,0.051905902743518986,0.07376292017610551
MT_282," ARIMA(1,0,4)(0,0,0)[0]          ",0.029992925485626477,0.04014291622962017,1.218665913313927e+18
MT_078," ARIMA(0,0,0)(0,0,0)[0] intercept",0.021033756546184904,0.034812083294892396,0.041625245202015
MT_169," ARIMA(1,0,0)(0,0,0)[0]          ",0.039847156392456146,0.051688058127407115,0.04530231876479051
MT_085," ARIMA(0,0,0)(0,0,0)[0] intercept",0.024512409083505788,0.027184054430949532,0.038301148359877094
MT_072," ARIMA(0,0,0)(0,0,0)[0] intercept",0.027013962812503598,0.035776248033684774,0.027427599677556518
MT_166," ARIMA(1,0,1)(0,0,0)[0]          ",0.02327694519686636,0.05508222361009582,0.050333036074581505
MT_188," ARIMA(1,0,2)(0,0,0)[0] intercept",0.0458439131307611,0.10575505809746527,5.715607493988462e+17
MT_286," ARIMA(1,0,2)(0,0,0)[0]          ",0.059036306784808305,0.0687236027944619,0.07367921716098241
MT_298," ARIMA(4,0,3)(0,0,0)[0] intercept",0.03940517276534975,0.037040658997325754,0.033268310880760654
MT_067," ARIMA(0,0,0)(0,0,0)[0] intercept",0.031084949338897272,0.03629331683815625,0.04480611321511436
MT_192," ARIMA(5,0,0)(0,0,0)[0]          ",0.06204447687396391,0.05596157137568981,0.0704486357888833
MT_003," ARIMA(0,0,0)(0,0,0)[0]          ",0.025149089474679073,0.02747428952216714,2.4892966060067412e+16
MT_049," ARIMA(1,0,0)(0,0,0)[0]          ",0.019397230156537385,0.03515373399882069,0.03696166393238617
MT_242," ARIMA(1,0,0)(0,0,0)[0]          ",0.03426627091646909,0.041804173935547334,0.10269545643849533
MT_264," ARIMA(1,0,2)(0,0,0)[0]          ",0.037350451126658725,0.05373670930834795,0.07349703608445386
